{"cameraMode":{"drawMode":0,"name":"Shaded","section":"Shading Mode"},"sceneLighting":true,"audioPlay":false,"sceneViewState":{"m_AlwaysRefresh":false,"showFog":true,"showSkybox":true,"showFlares":true,"showImageEffects":true,"showParticleSystems":true,"showVisualEffectGraphs":true,"m_FxEnabled":true},"in2DMode":false,"pivot":{"x":4.465441703796387,"y":-2.0273914337158205,"z":11.678876876831055},"rotation":{"x":0.12820209562778474,"y":0.08288783580064774,"z":-0.010753937065601349,"w":0.9882219433784485},"size":15.265832901000977,"orthographic":false}